chip_name,rs,Alleles_A_B_FORWARD,Alleles_A_B_TOP,chromosome,position,SNP_name
Bov_IlluLDv2,rs17871566,A/G,A/G,1,138583183,snp1
Bov_IlluLDv2,rs29003723,A/T,A/T,1,127426647,snp2
Bov_IlluLDv2,rs29009958,A/G,A/G,1,78034231,snp3
Bov_IlluLDv2,rs29010295,A/G,A/G,2,20634675,snp4
Bov_IlluLDv2,rs29010795,A/G,A/G,2,29524658,snp5
Bov_IlluLDv2,rs29012530,T/G,A/C,2,59409838,snp6
Bov_IlluLDv2,rs29012748,A/G,A/G,2,34407892,snp7
Bov_IlluLDv2,rs29012842,T/G,A/C,3,3249057,snp8
Bov_IlluLDv2,rs29013907,T/G,A/C,3,115133648,snp9
Bov_IlluLDv2,rs29015773,T/G,A/C,3,8998063,snp10
